timestamp,voltaje_V,corriente_mA,potencia_mW
2026-09-29T23:07:18.551,5.276,487.600,2572.578
2026-09-29T23:07:19.553,5.296,433.700,2296.875
2026-09-29T23:07:20.554,5.312,439.600,2335.155
2026-09-29T23:07:21.556,5.308,442.600,2349.321
2026-09-29T23:07:22.558,5.308,434.800,2307.918
2026-09-29T23:07:23.560,5.340,326.800,1745.112
2026-09-29T23:07:24.564,5.332,325.800,1737.166
2026-09-29T23:07:25.569,5.328,334.800,1783.814
2026-09-29T23:07:26.573,5.328,335.300,1786.478
2026-09-29T23:07:27.577,5.328,337.100,1796.069
2026-09-29T23:07:28.582,5.328,341.500,1819.512
2026-09-29T23:07:29.586,5.328,339.600,1809.389
2026-09-29T23:07:30.591,5.328,335.800,1789.142
2026-09-29T23:07:31.595,5.336,329.900,1760.346
2026-09-29T23:07:32.600,5.336,325.300,1735.801
2026-09-29T23:07:33.604,5.340,323.400,1726.956
2026-09-29T23:07:34.608,5.336,324.900,1733.666
2026-09-29T23:07:35.613,5.336,323.700,1727.263
2026-09-29T23:07:36.617,5.336,322.600,1721.394
2026-09-29T23:07:37.622,5.336,323.000,1723.528
2026-09-29T23:07:38.626,5.336,325.000,1734.200
2026-09-29T23:07:39.630,5.336,324.900,1733.666
2026-09-29T23:07:40.635,5.332,322.600,1720.103
2026-09-29T23:07:41.639,5.332,324.400,1729.701
2026-09-29T23:07:42.643,5.328,344.300,1834.430
2026-09-29T23:07:43.648,5.328,339.200,1807.258
2026-09-29T23:07:44.652,5.328,342.100,1822.709
2026-09-29T23:07:45.657,5.336,334.500,1784.892
2026-09-29T23:07:46.661,5.332,322.900,1721.703
2026-09-29T23:07:47.666,5.340,322.300,1721.082
2026-09-29T23:07:48.670,5.332,324.400,1729.701
2026-09-29T23:07:49.675,5.324,337.200,1795.253
2026-09-29T23:07:50.679,5.328,337.300,1797.134
2026-09-29T23:07:51.684,5.332,336.900,1796.351
2026-09-29T23:07:52.688,5.328,340.700,1815.250
2026-09-29T23:07:53.692,5.328,339.700,1809.922
2026-09-29T23:07:54.697,5.332,336.900,1796.351
2026-09-29T23:07:55.701,5.332,336.400,1793.685
2026-09-29T23:07:56.706,5.332,334.400,1783.021
2026-09-29T23:07:57.710,5.336,331.400,1768.350
2026-09-29T23:07:58.714,5.336,331.500,1768.884
2026-09-29T23:07:59.719,5.336,330.900,1765.682
2026-09-29T23:08:00.723,5.340,323.800,1729.092
2026-09-29T23:08:01.727,5.340,322.200,1720.548
2026-09-29T23:08:02.732,5.340,322.500,1722.150
2026-09-29T23:08:03.736,5.340,322.100,1720.014
2026-09-29T23:08:04.741,5.340,324.700,1733.898
2026-09-29T23:08:05.745,5.336,322.400,1720.326
2026-09-29T23:08:06.749,5.336,323.400,1725.662
2026-09-29T23:08:07.754,5.332,325.600,1736.099
2026-09-29T23:08:08.758,5.336,329.300,1757.145
2026-09-29T23:08:09.763,5.328,335.500,1787.544
2026-09-29T23:08:10.767,5.332,337.200,1797.950
2026-09-29T23:08:11.772,5.328,337.000,1795.536
2026-09-29T23:08:12.776,5.328,339.200,1807.258
2026-09-29T23:08:13.780,5.328,341.500,1819.512
2026-09-29T23:08:14.785,5.328,339.300,1807.790
2026-09-29T23:08:15.789,5.316,371.700,1975.957
2026-09-29T23:08:16.794,5.320,373.400,1986.488
2026-09-29T23:08:17.798,5.320,373.800,1988.616
2026-09-29T23:08:18.803,5.332,333.700,1779.288
2026-09-29T23:08:19.807,5.328,346.000,1843.488
2026-09-29T23:08:20.812,5.332,339.900,1812.347
2026-09-29T23:08:21.816,5.336,329.600,1758.746
2026-09-29T23:08:22.821,5.336,322.400,1720.326
2026-09-29T23:08:23.825,5.336,322.500,1720.860
2026-09-29T23:08:24.830,5.340,322.500,1722.150
2026-09-29T23:08:25.834,5.336,322.200,1719.259
2026-09-29T23:08:26.839,5.336,323.100,1724.062
2026-09-29T23:08:27.843,5.332,331.500,1767.558
2026-09-29T23:08:28.848,5.332,334.500,1783.554
2026-09-29T23:08:29.852,5.328,347.400,1850.947
2026-09-29T23:08:30.857,5.328,336.800,1794.470
2026-09-29T23:08:31.861,5.332,336.500,1794.218
2026-09-29T23:08:32.865,5.332,336.200,1792.618
2026-09-29T23:08:33.870,5.332,338.200,1803.282
2026-09-29T23:08:34.874,5.336,332.000,1771.552
2026-09-29T23:08:35.879,5.336,322.200,1719.259
2026-09-29T23:08:36.883,5.336,322.300,1719.793
2026-09-29T23:08:37.888,5.340,322.500,1722.150
2026-09-29T23:08:38.892,5.336,322.500,1720.860
2026-09-29T23:08:39.896,5.336,322.100,1718.726
2026-09-29T23:08:40.901,5.336,325.500,1736.868
2026-09-29T23:08:41.905,5.340,322.500,1722.150
2026-09-29T23:08:42.909,5.340,322.300,1721.082
2026-09-29T23:08:43.914,5.340,322.300,1721.082
2026-09-29T23:08:44.918,5.336,322.100,1718.726
2026-09-29T23:08:45.922,5.336,322.300,1719.793
2026-09-29T23:08:46.927,5.332,322.700,1720.636
2026-09-29T23:08:47.931,5.336,323.600,1726.730
2026-09-29T23:08:48.936,5.332,328.900,1753.695
2026-09-29T23:08:49.940,5.336,327.300,1746.473
2026-09-29T23:08:50.945,5.332,327.000,1743.564
2026-09-29T23:08:51.949,5.336,325.300,1735.801
2026-09-29T23:08:52.953,5.336,327.400,1747.006
2026-09-29T23:08:53.958,5.332,329.300,1755.828
2026-09-29T23:08:54.962,5.332,348.500,1858.202
2026-09-29T23:08:55.969,5.328,337.600,1798.733
2026-09-29T23:08:56.973,5.336,330.900,1765.682
2026-09-29T23:08:57.978,5.336,321.900,1717.658
2026-09-29T23:08:58.982,5.340,322.100,1720.014
2026-09-29T23:08:59.987,5.336,322.200,1719.259
2026-09-29T23:09:00.991,5.340,322.200,1720.548
2026-09-29T23:09:01.996,5.336,327.100,1745.406
2026-09-29T23:09:03.000,5.336,322.800,1722.461
2026-09-29T23:09:04.004,5.336,323.800,1727.797
2026-09-29T23:09:05.009,5.340,324.900,1734.966
2026-09-29T23:09:06.013,5.332,322.900,1721.703
2026-09-29T23:09:07.018,5.332,324.600,1730.767
2026-09-29T23:09:08.022,5.332,322.900,1721.703
2026-09-29T23:09:09.026,5.332,322.400,1719.037
2026-09-29T23:09:10.031,5.332,322.800,1721.170
2026-09-29T23:09:11.035,5.340,322.400,1721.616
2026-09-29T23:09:12.040,5.332,326.000,1738.232
2026-09-29T23:09:13.044,5.336,324.400,1730.998
2026-09-29T23:09:14.048,5.336,325.400,1736.334
2026-09-29T23:09:15.053,5.332,324.200,1728.634
2026-09-29T23:09:16.057,5.336,322.700,1721.927
2026-09-29T23:09:17.061,5.336,322.100,1718.726
2026-09-29T23:09:18.066,5.332,322.100,1717.437
2026-09-29T23:09:19.070,5.332,322.400,1719.037
2026-09-29T23:09:20.075,5.336,321.700,1716.591
2026-09-29T23:09:21.079,5.336,322.600,1721.394
2026-09-29T23:09:22.083,5.336,322.600,1721.394
2026-09-29T23:09:23.088,5.336,322.000,1718.192
2026-09-29T23:09:24.092,5.340,322.200,1720.548
2026-09-29T23:09:25.096,5.336,324.300,1730.465
2026-09-29T23:09:26.101,5.336,327.000,1744.872
2026-09-29T23:09:27.105,5.332,326.300,1739.832
2026-09-29T23:09:28.109,5.336,328.400,1752.342
2026-09-29T23:09:29.114,5.332,334.400,1783.021
2026-09-29T23:09:30.118,5.332,333.900,1780.355
2026-09-29T23:09:31.122,5.336,336.500,1795.564
2026-09-29T23:09:32.127,5.328,331.700,1767.298
2026-09-29T23:09:33.131,5.336,327.300,1746.473
2026-09-29T23:09:34.136,5.336,329.400,1757.678
2026-09-29T23:09:35.140,5.332,334.200,1781.954
2026-09-29T23:09:36.144,5.332,329.300,1755.828
2026-09-29T23:09:37.149,5.336,322.800,1722.461
2026-09-29T23:09:38.153,5.336,322.800,1722.461
2026-09-29T23:09:39.158,5.336,321.900,1717.658
2026-09-29T23:09:40.162,5.336,322.400,1720.326
2026-09-29T23:09:41.167,5.336,322.900,1722.994
2026-09-29T23:09:42.171,5.336,320.300,1709.121
2026-09-29T23:09:43.175,5.332,324.800,1731.834
2026-09-29T23:09:44.180,5.336,323.800,1727.797
2026-09-29T23:09:45.184,5.340,322.500,1722.150
2026-09-29T23:09:46.189,5.336,322.400,1720.326
2026-09-29T23:09:47.193,5.336,322.200,1719.259
2026-09-29T23:09:48.198,5.336,322.600,1721.394
2026-09-29T23:09:49.202,5.332,322.500,1719.570
2026-09-29T23:09:50.206,5.328,322.100,1716.149
2026-09-29T23:09:51.211,5.332,323.800,1726.502
2026-09-29T23:09:52.215,5.332,322.900,1721.703
2026-09-29T23:09:53.220,5.336,324.200,1729.931
2026-09-29T23:09:54.224,5.332,324.200,1728.634
2026-09-29T23:09:55.228,5.332,322.500,1719.570
2026-09-29T23:09:56.233,5.336,324.300,1730.465
2026-09-29T23:09:57.237,5.336,322.100,1718.726
2026-09-29T23:09:58.241,5.340,322.400,1721.616
2026-09-29T23:09:59.246,5.336,321.900,1717.658
2026-09-29T23:10:00.250,5.332,323.500,1724.902
2026-09-29T23:10:01.255,5.328,324.800,1730.534
2026-09-29T23:10:02.259,5.332,325.400,1735.033
2026-09-29T23:10:03.264,5.332,325.300,1734.500
2026-09-29T23:10:04.268,5.332,325.400,1735.033
2026-09-29T23:10:05.272,5.336,324.000,1728.864
2026-09-29T23:10:06.277,5.336,322.600,1721.394
2026-09-29T23:10:07.281,5.336,322.000,1718.192
2026-09-29T23:10:08.285,5.332,322.200,1717.970
2026-09-29T23:10:09.290,5.336,322.000,1718.192
2026-09-29T23:10:10.294,5.336,324.200,1729.931
2026-09-29T23:10:11.299,5.336,322.400,1720.326
2026-09-29T23:10:12.303,5.336,322.100,1718.726
2026-09-29T23:10:13.307,5.336,321.800,1717.125
2026-09-29T23:10:14.312,5.336,322.100,1718.726
2026-09-29T23:10:15.316,5.336,322.000,1718.192
2026-09-29T23:10:16.321,5.336,322.500,1720.860
2026-09-29T23:10:17.325,5.316,377.400,2006.258
2026-09-29T23:10:18.330,5.316,383.700,2039.749
2026-09-29T23:10:19.334,5.312,369.200,1961.190
2026-09-29T23:10:20.338,5.336,322.500,1720.860
2026-09-29T23:10:21.343,5.332,325.700,1736.632
2026-09-29T23:10:22.347,5.332,324.900,1732.367
2026-09-29T23:10:23.352,5.332,325.700,1736.632
2026-09-29T23:10:24.356,5.332,328.900,1753.695
2026-09-29T23:10:25.360,5.336,322.300,1719.793
2026-09-29T23:10:26.365,5.340,324.600,1733.364
2026-09-29T23:10:27.369,5.336,322.600,1721.394
2026-09-29T23:10:28.373,5.336,323.600,1726.730
2026-09-29T23:10:29.378,5.340,322.400,1721.616
2026-09-29T23:10:30.382,5.340,322.400,1721.616
2026-09-29T23:10:31.386,5.340,322.900,1724.286
2026-09-29T23:10:32.391,5.336,327.500,1747.540
2026-09-29T23:10:33.395,5.336,330.700,1764.615
2026-09-29T23:10:34.400,5.336,334.300,1783.825
2026-09-29T23:10:35.404,5.332,335.200,1787.286
2026-09-29T23:10:36.408,5.328,329.600,1756.109
2026-09-29T23:10:37.413,5.336,327.800,1749.141
2026-09-29T23:10:38.417,5.332,330.600,1762.759
2026-09-29T23:10:39.422,5.332,334.900,1785.687
2026-09-29T23:10:40.426,5.328,336.100,1790.741
2026-09-29T23:10:41.430,5.328,335.800,1789.142
2026-09-29T23:10:42.435,5.328,336.500,1792.872
2026-09-29T23:10:43.439,5.328,336.900,1795.003
2026-09-29T23:10:44.443,5.324,339.100,1805.368
2026-09-29T23:10:45.448,5.328,339.400,1808.323
2026-09-29T23:10:46.452,5.324,341.900,1820.276
2026-09-29T23:10:47.457,5.328,338.800,1805.126
2026-09-29T23:10:48.461,5.328,336.200,1791.274
2026-09-29T23:10:49.466,5.336,333.100,1777.422
2026-09-29T23:10:50.470,5.332,336.000,1791.552
2026-09-29T23:10:51.474,5.332,337.400,1799.017
2026-09-29T23:10:52.479,5.332,325.400,1735.033
2026-09-29T23:10:53.484,5.336,324.300,1730.465
2026-09-29T23:10:54.488,5.336,321.800,1717.125
2026-09-29T23:10:55.493,5.336,324.600,1732.066
2026-09-29T23:10:56.497,5.336,322.400,1720.326
2026-09-29T23:10:57.501,5.336,328.600,1753.410
2026-09-29T23:10:58.506,5.336,322.500,1720.860
2026-09-29T23:10:59.510,5.336,322.100,1718.726
2026-09-29T23:11:00.515,5.336,322.100,1718.726
2026-09-29T23:11:01.519,5.336,321.800,1717.125
2026-09-29T23:11:02.524,5.340,320.400,1710.936
2026-09-29T23:11:03.528,5.336,322.600,1721.394
2026-09-29T23:11:04.532,5.336,324.500,1731.532
2026-09-29T23:11:05.537,5.340,327.300,1747.782
2026-09-29T23:11:06.541,5.336,323.800,1727.797
2026-09-29T23:11:07.545,5.336,324.400,1730.998
2026-09-29T23:11:08.550,5.336,329.800,1759.813
2026-09-29T23:11:09.554,5.332,334.600,1784.087
2026-09-29T23:11:10.559,5.332,336.000,1791.552
2026-09-29T23:11:11.563,5.328,335.700,1788.610
2026-09-29T23:11:12.567,5.328,336.200,1791.274
2026-09-29T23:11:13.572,5.328,335.800,1789.142
2026-09-29T23:11:14.576,5.328,337.600,1798.733
2026-09-29T23:11:15.580,5.328,330.000,1758.240
2026-09-29T23:11:16.585,5.332,323.100,1722.769
2026-09-29T23:11:17.589,5.328,327.000,1742.256
2026-09-29T23:11:18.594,5.332,330.400,1761.693
2026-09-29T23:11:19.598,5.324,329.000,1751.596
2026-09-29T23:11:20.602,5.332,327.700,1747.296
2026-09-29T23:11:21.607,5.332,326.600,1741.431
2026-09-29T23:11:22.611,5.332,323.000,1722.236
2026-09-29T23:11:23.616,5.336,325.700,1737.935
2026-09-29T23:11:24.620,5.336,320.100,1708.054
2026-09-29T23:11:25.624,5.332,322.400,1719.037
2026-09-29T23:11:26.629,5.336,323.100,1724.062
2026-09-29T23:11:27.633,5.336,324.300,1730.465
2026-09-29T23:11:28.637,5.336,322.100,1718.726
2026-09-29T23:11:29.642,5.336,322.000,1718.192
2026-09-29T23:11:30.646,5.332,322.300,1718.504
2026-09-29T23:11:31.651,5.336,322.300,1719.793
2026-09-29T23:11:32.655,5.340,322.200,1720.548
2026-09-29T23:11:33.660,5.336,322.000,1718.192
2026-09-29T23:11:34.664,5.332,322.500,1719.570
2026-09-29T23:11:35.668,5.336,325.400,1736.334
2026-09-29T23:11:36.673,5.336,322.400,1720.326
2026-09-29T23:11:37.677,5.336,322.100,1718.726
2026-09-29T23:11:38.682,5.336,322.100,1718.726
2026-09-29T23:11:39.686,5.336,322.100,1718.726
2026-09-29T23:11:40.691,5.336,321.900,1717.658
2026-09-29T23:11:41.695,5.340,322.100,1720.014
2026-09-29T23:11:42.699,5.336,322.600,1721.394
2026-09-29T23:11:43.704,5.332,326.800,1742.498
2026-09-29T23:11:44.708,5.340,325.600,1738.704
2026-09-29T23:11:45.713,5.336,325.700,1737.935
2026-09-29T23:11:46.717,5.332,322.600,1720.103
2026-09-29T23:11:47.722,5.336,320.500,1710.188
2026-09-29T23:11:48.726,5.336,321.700,1716.591
2026-09-29T23:11:49.731,5.336,322.400,1720.326
2026-09-29T23:11:50.735,5.336,322.300,1719.793
2026-09-29T23:11:51.739,5.336,322.900,1722.994
2026-09-29T23:11:52.744,5.336,330.400,1763.014
2026-09-29T23:11:53.748,5.332,338.700,1805.948
2026-09-29T23:11:54.752,5.328,337.800,1799.798
2026-09-29T23:11:55.757,5.328,342.400,1824.307
2026-09-29T23:11:56.761,5.328,336.500,1792.872
2026-09-29T23:11:57.766,5.328,336.200,1791.274
2026-09-29T23:11:58.770,5.332,329.200,1755.294
2026-09-29T23:11:59.774,5.332,322.400,1719.037
2026-09-29T23:12:00.779,5.336,322.400,1720.326
2026-09-29T23:12:01.783,5.336,321.900,1717.658
2026-09-29T23:12:02.787,5.340,322.600,1722.684
2026-09-29T23:12:03.792,5.336,321.600,1716.058
2026-09-29T23:12:04.796,5.336,329.700,1759.279
2026-09-29T23:12:05.800,5.328,338.800,1805.126
2026-09-29T23:12:06.805,5.332,325.400,1735.033
2026-09-29T23:12:07.809,5.332,323.100,1722.769
2026-09-29T23:12:08.814,5.336,323.000,1723.528
2026-09-29T23:12:09.818,5.328,326.000,1736.928
2026-09-29T23:12:10.823,5.332,326.200,1739.298
2026-09-29T23:12:11.827,5.336,326.500,1742.204
2026-09-29T23:12:12.832,5.336,331.600,1769.418
2026-09-29T23:12:13.836,5.332,334.000,1780.888
2026-09-29T23:12:14.840,5.328,339.500,1808.856
2026-09-29T23:12:15.845,5.332,336.700,1795.284
2026-09-29T23:12:16.849,5.328,336.700,1793.938
2026-09-29T23:12:17.853,5.308,383.800,2037.210
2026-09-29T23:12:18.858,5.312,387.800,2059.994
2026-09-29T23:12:19.862,5.312,388.100,2061.587
2026-09-29T23:12:20.867,5.328,334.000,1779.552
2026-09-29T23:12:21.872,5.336,323.400,1725.662
2026-09-29T23:12:22.876,5.332,325.600,1736.099
2026-09-29T23:12:23.881,5.332,326.200,1739.298
2026-09-29T23:12:24.885,5.336,326.200,1740.603
2026-09-29T23:12:25.889,5.336,332.000,1771.552
2026-09-29T23:12:26.894,5.332,330.100,1760.093
2026-09-29T23:12:27.898,5.332,330.300,1761.160
2026-09-29T23:12:28.903,5.332,335.300,1787.820
2026-09-29T23:12:29.907,5.328,333.600,1777.421
2026-09-29T23:12:30.911,5.328,335.900,1789.675
2026-09-29T23:12:31.916,5.328,338.200,1801.930
2026-09-29T23:12:32.920,5.328,338.900,1805.659
2026-09-29T23:12:33.925,5.328,339.300,1807.790
2026-09-29T23:12:34.929,5.328,335.300,1786.478
2026-09-29T23:12:35.933,5.332,331.700,1768.624
2026-09-29T23:12:36.938,5.332,325.200,1733.966
2026-09-29T23:12:37.942,5.336,323.000,1723.528
2026-09-29T23:12:38.947,5.340,322.600,1722.684
2026-09-29T23:12:39.951,5.340,322.200,1720.548
2026-09-29T23:12:40.955,5.336,320.300,1709.121
2026-09-29T23:12:41.960,5.336,321.900,1717.658
2026-09-29T23:12:42.964,5.336,325.500,1736.868
2026-09-29T23:12:43.969,5.332,336.000,1791.552
2026-09-29T23:12:44.973,5.332,332.600,1773.423
2026-09-29T23:12:45.977,5.332,326.400,1740.365
2026-09-29T23:12:46.982,5.332,325.600,1736.099
2026-09-29T23:12:47.986,5.336,323.400,1725.662
2026-09-29T23:12:48.991,5.332,325.400,1735.033
2026-09-29T23:12:49.995,5.332,330.100,1760.093
2026-09-29T23:12:51.000,5.332,335.300,1787.820
2026-09-29T23:12:52.004,5.328,336.500,1792.872
2026-09-29T23:12:53.009,5.332,335.800,1790.486
2026-09-29T23:12:54.013,5.332,328.700,1752.628
2026-09-29T23:12:55.018,5.332,328.500,1751.562
2026-09-29T23:12:56.022,5.336,322.100,1718.726
2026-09-29T23:12:57.027,5.336,324.900,1733.666
2026-09-29T23:12:58.031,5.336,330.300,1762.481
2026-09-29T23:12:59.035,5.328,334.700,1783.282
2026-09-29T23:13:00.040,5.332,330.600,1762.759
2026-09-29T23:13:01.044,5.324,373.600,1989.046
2026-09-29T23:13:02.049,5.324,338.200,1800.577
2026-09-29T23:13:03.054,5.324,337.400,1796.318
2026-09-29T23:13:04.058,5.328,337.200,1796.602
2026-09-29T23:13:05.063,5.332,336.700,1795.284
2026-09-29T23:13:06.067,5.328,338.900,1805.659
2026-09-29T23:13:07.072,5.328,338.900,1805.659
2026-09-29T23:13:08.076,5.328,342.500,1824.840
2026-09-29T23:13:09.081,5.328,331.300,1765.166
2026-09-29T23:13:10.085,5.328,330.800,1762.502
2026-09-29T23:13:11.089,5.332,323.400,1724.369
2026-09-29T23:13:12.094,5.328,337.200,1796.602
2026-09-29T23:13:13.099,5.320,337.300,1794.436
2026-09-29T23:13:14.103,5.328,338.700,1804.594
2026-09-29T23:13:15.108,5.328,338.500,1803.528
2026-09-29T23:13:16.112,5.320,336.100,1788.052
2026-09-29T23:13:17.136,5.332,329.800,1758.494
