run_id,algoritmo,operacion,duracion_ns,timestamp,secretos_coinciden
1,ML-KEM-768,KeyGen,101295,2026-09-30T22:33:10.196656,True
1,ML-KEM-768,Encaps,99406,2026-09-30T22:33:10.196656,True
1,ML-KEM-768,Decaps,93722,2026-09-30T22:33:10.196656,True
2,ML-KEM-768,KeyGen,102092,2026-09-30T22:33:10.197135,True
2,ML-KEM-768,Encaps,100944,2026-09-30T22:33:10.197135,True
2,ML-KEM-768,Decaps,98425,2026-09-30T22:33:10.197135,True
3,ML-KEM-768,KeyGen,89388,2026-09-30T22:33:10.197517,True
3,ML-KEM-768,Encaps,95240,2026-09-30T22:33:10.197517,True
3,ML-KEM-768,Decaps,92629,2026-09-30T22:33:10.197517,True
4,ML-KEM-768,KeyGen,91351,2026-09-30T22:33:10.197909,True
4,ML-KEM-768,Encaps,98110,2026-09-30T22:33:10.197909,True
4,ML-KEM-768,Decaps,96907,2026-09-30T22:33:10.197909,True
5,ML-KEM-768,KeyGen,86851,2026-09-30T22:33:10.198281,True
5,ML-KEM-768,Encaps,93740,2026-09-30T22:33:10.198281,True
5,ML-KEM-768,Decaps,92388,2026-09-30T22:33:10.198281,True
6,ML-KEM-768,KeyGen,86480,2026-09-30T22:33:10.198651,True
6,ML-KEM-768,Encaps,93314,2026-09-30T22:33:10.198651,True
6,ML-KEM-768,Decaps,92425,2026-09-30T22:33:10.198651,True
7,ML-KEM-768,KeyGen,86648,2026-09-30T22:33:10.199021,True
7,ML-KEM-768,Encaps,93610,2026-09-30T22:33:10.199021,True
7,ML-KEM-768,Decaps,92425,2026-09-30T22:33:10.199021,True
8,ML-KEM-768,KeyGen,86407,2026-09-30T22:33:10.199391,True
8,ML-KEM-768,Encaps,93721,2026-09-30T22:33:10.199391,True
8,ML-KEM-768,Decaps,92369,2026-09-30T22:33:10.199391,True
9,ML-KEM-768,KeyGen,86888,2026-09-30T22:33:10.199762,True
9,ML-KEM-768,Encaps,93907,2026-09-30T22:33:10.199762,True
9,ML-KEM-768,Decaps,92666,2026-09-30T22:33:10.199762,True
10,ML-KEM-768,KeyGen,86666,2026-09-30T22:33:10.200158,True
10,ML-KEM-768,Encaps,93685,2026-09-30T22:33:10.200158,True
10,ML-KEM-768,Decaps,117647,2026-09-30T22:33:10.200158,True
11,ML-KEM-768,KeyGen,93907,2026-09-30T22:33:10.200546,True
11,ML-KEM-768,Encaps,97591,2026-09-30T22:33:10.200546,True
11,ML-KEM-768,Decaps,96536,2026-09-30T22:33:10.200546,True
12,ML-KEM-768,KeyGen,86740,2026-09-30T22:33:10.200917,True
12,ML-KEM-768,Encaps,93592,2026-09-30T22:33:10.200917,True
12,ML-KEM-768,Decaps,92406,2026-09-30T22:33:10.200917,True
13,ML-KEM-768,KeyGen,86221,2026-09-30T22:33:10.201286,True
13,ML-KEM-768,Encaps,93869,2026-09-30T22:33:10.201286,True
13,ML-KEM-768,Decaps,92444,2026-09-30T22:33:10.201286,True
14,ML-KEM-768,KeyGen,87332,2026-09-30T22:33:10.201657,True
14,ML-KEM-768,Encaps,94425,2026-09-30T22:33:10.201657,True
14,ML-KEM-768,Decaps,93407,2026-09-30T22:33:10.201657,True
15,ML-KEM-768,KeyGen,86685,2026-09-30T22:33:10.202026,True
15,ML-KEM-768,Encaps,93944,2026-09-30T22:33:10.202026,True
15,ML-KEM-768,Decaps,92184,2026-09-30T22:33:10.202026,True
16,ML-KEM-768,KeyGen,87389,2026-09-30T22:33:10.202397,True
16,ML-KEM-768,Encaps,94962,2026-09-30T22:33:10.202397,True
16,ML-KEM-768,Decaps,93128,2026-09-30T22:33:10.202397,True
17,ML-KEM-768,KeyGen,88518,2026-09-30T22:33:10.202772,True
17,ML-KEM-768,Encaps,95332,2026-09-30T22:33:10.202772,True
17,ML-KEM-768,Decaps,93851,2026-09-30T22:33:10.202772,True
18,ML-KEM-768,KeyGen,86092,2026-09-30T22:33:10.203138,True
18,ML-KEM-768,Encaps,92999,2026-09-30T22:33:10.203138,True
18,ML-KEM-768,Decaps,91925,2026-09-30T22:33:10.203138,True
19,ML-KEM-768,KeyGen,86499,2026-09-30T22:33:10.203514,True
19,ML-KEM-768,Encaps,94592,2026-09-30T22:33:10.203514,True
19,ML-KEM-768,Decaps,92758,2026-09-30T22:33:10.203514,True
20,ML-KEM-768,KeyGen,88185,2026-09-30T22:33:10.203898,True
20,ML-KEM-768,Encaps,94055,2026-09-30T22:33:10.203898,True
20,ML-KEM-768,Decaps,92370,2026-09-30T22:33:10.203898,True
21,ML-KEM-768,KeyGen,98647,2026-09-30T22:33:10.204281,True
21,ML-KEM-768,Encaps,94814,2026-09-30T22:33:10.204281,True
21,ML-KEM-768,Decaps,92314,2026-09-30T22:33:10.204281,True
22,ML-KEM-768,KeyGen,86537,2026-09-30T22:33:10.204651,True
22,ML-KEM-768,Encaps,93703,2026-09-30T22:33:10.204651,True
22,ML-KEM-768,Decaps,92148,2026-09-30T22:33:10.204651,True
23,ML-KEM-768,KeyGen,86074,2026-09-30T22:33:10.205019,True
23,ML-KEM-768,Encaps,93277,2026-09-30T22:33:10.205019,True
23,ML-KEM-768,Decaps,91925,2026-09-30T22:33:10.205019,True
24,ML-KEM-768,KeyGen,90277,2026-09-30T22:33:10.205397,True
24,ML-KEM-768,Encaps,97444,2026-09-30T22:33:10.205397,True
24,ML-KEM-768,Decaps,96332,2026-09-30T22:33:10.205397,True
25,ML-KEM-768,KeyGen,86221,2026-09-30T22:33:10.205763,True
25,ML-KEM-768,Encaps,93573,2026-09-30T22:33:10.205763,True
25,ML-KEM-768,Decaps,91888,2026-09-30T22:33:10.205763,True
26,ML-KEM-768,KeyGen,86332,2026-09-30T22:33:10.206129,True
26,ML-KEM-768,Encaps,93407,2026-09-30T22:33:10.206129,True
26,ML-KEM-768,Decaps,92185,2026-09-30T22:33:10.206129,True
27,ML-KEM-768,KeyGen,86091,2026-09-30T22:33:10.206501,True
27,ML-KEM-768,Encaps,93684,2026-09-30T22:33:10.206501,True
27,ML-KEM-768,Decaps,92444,2026-09-30T22:33:10.206501,True
28,ML-KEM-768,KeyGen,86426,2026-09-30T22:33:10.206868,True
28,ML-KEM-768,Encaps,93740,2026-09-30T22:33:10.206868,True
28,ML-KEM-768,Decaps,92370,2026-09-30T22:33:10.206868,True
29,ML-KEM-768,KeyGen,86277,2026-09-30T22:33:10.207235,True
29,ML-KEM-768,Encaps,93721,2026-09-30T22:33:10.207235,True
29,ML-KEM-768,Decaps,93425,2026-09-30T22:33:10.207235,True
30,ML-KEM-768,KeyGen,86333,2026-09-30T22:33:10.207602,True
30,ML-KEM-768,Encaps,93610,2026-09-30T22:33:10.207602,True
30,ML-KEM-768,Decaps,92277,2026-09-30T22:33:10.207602,True
31,ML-KEM-768,KeyGen,85962,2026-09-30T22:33:10.207968,True
31,ML-KEM-768,Encaps,93759,2026-09-30T22:33:10.207968,True
31,ML-KEM-768,Decaps,92166,2026-09-30T22:33:10.207968,True
32,ML-KEM-768,KeyGen,94184,2026-09-30T22:33:10.208394,True
32,ML-KEM-768,Encaps,94814,2026-09-30T22:33:10.208394,True
32,ML-KEM-768,Decaps,92925,2026-09-30T22:33:10.208394,True
33,ML-KEM-768,KeyGen,87369,2026-09-30T22:33:10.208766,True
33,ML-KEM-768,Encaps,94129,2026-09-30T22:33:10.208766,True
33,ML-KEM-768,Decaps,92388,2026-09-30T22:33:10.208766,True
34,ML-KEM-768,KeyGen,86740,2026-09-30T22:33:10.209133,True
34,ML-KEM-768,Encaps,93574,2026-09-30T22:33:10.209133,True
34,ML-KEM-768,Decaps,92222,2026-09-30T22:33:10.209133,True
35,ML-KEM-768,KeyGen,86277,2026-09-30T22:33:10.209500,True
35,ML-KEM-768,Encaps,93240,2026-09-30T22:33:10.209500,True
35,ML-KEM-768,Decaps,92481,2026-09-30T22:33:10.209500,True
36,ML-KEM-768,KeyGen,86351,2026-09-30T22:33:10.209866,True
36,ML-KEM-768,Encaps,93240,2026-09-30T22:33:10.209866,True
36,ML-KEM-768,Decaps,92111,2026-09-30T22:33:10.209866,True
37,ML-KEM-768,KeyGen,90518,2026-09-30T22:33:10.210247,True
37,ML-KEM-768,Encaps,98018,2026-09-30T22:33:10.210247,True
37,ML-KEM-768,Decaps,96517,2026-09-30T22:33:10.210247,True
38,ML-KEM-768,KeyGen,85999,2026-09-30T22:33:10.210614,True
38,ML-KEM-768,Encaps,93443,2026-09-30T22:33:10.210614,True
38,ML-KEM-768,Decaps,92499,2026-09-30T22:33:10.210614,True
39,ML-KEM-768,KeyGen,86333,2026-09-30T22:33:10.210983,True
39,ML-KEM-768,Encaps,93870,2026-09-30T22:33:10.210983,True
39,ML-KEM-768,Decaps,92869,2026-09-30T22:33:10.210983,True
40,ML-KEM-768,KeyGen,86259,2026-09-30T22:33:10.211352,True
40,ML-KEM-768,Encaps,94406,2026-09-30T22:33:10.211352,True
40,ML-KEM-768,Decaps,92536,2026-09-30T22:33:10.211352,True
41,ML-KEM-768,KeyGen,86147,2026-09-30T22:33:10.211719,True
41,ML-KEM-768,Encaps,93759,2026-09-30T22:33:10.211719,True
41,ML-KEM-768,Decaps,92351,2026-09-30T22:33:10.211719,True
42,ML-KEM-768,KeyGen,85981,2026-09-30T22:33:10.212102,True
42,ML-KEM-768,Encaps,93573,2026-09-30T22:33:10.212102,True
42,ML-KEM-768,Decaps,107221,2026-09-30T22:33:10.212102,True
43,ML-KEM-768,KeyGen,92647,2026-09-30T22:33:10.212486,True
43,ML-KEM-768,Encaps,98148,2026-09-30T22:33:10.212486,True
43,ML-KEM-768,Decaps,96555,2026-09-30T22:33:10.212486,True
44,ML-KEM-768,KeyGen,87443,2026-09-30T22:33:10.212866,True
44,ML-KEM-768,Encaps,94537,2026-09-30T22:33:10.212866,True
44,ML-KEM-768,Decaps,92740,2026-09-30T22:33:10.212866,True
45,ML-KEM-768,KeyGen,90443,2026-09-30T22:33:10.213247,True
45,ML-KEM-768,Encaps,97796,2026-09-30T22:33:10.213247,True
45,ML-KEM-768,Decaps,96703,2026-09-30T22:33:10.213247,True
46,ML-KEM-768,KeyGen,86314,2026-09-30T22:33:10.213615,True
46,ML-KEM-768,Encaps,93499,2026-09-30T22:33:10.213615,True
46,ML-KEM-768,Decaps,92296,2026-09-30T22:33:10.213615,True
47,ML-KEM-768,KeyGen,95758,2026-09-30T22:33:10.214122,True
47,ML-KEM-768,Encaps,94462,2026-09-30T22:33:10.214122,True
47,ML-KEM-768,Decaps,93203,2026-09-30T22:33:10.214122,True
48,ML-KEM-768,KeyGen,90499,2026-09-30T22:33:10.214502,True
48,ML-KEM-768,Encaps,95277,2026-09-30T22:33:10.214502,True
48,ML-KEM-768,Decaps,93666,2026-09-30T22:33:10.214502,True
49,ML-KEM-768,KeyGen,86684,2026-09-30T22:33:10.214870,True
49,ML-KEM-768,Encaps,93629,2026-09-30T22:33:10.214870,True
49,ML-KEM-768,Decaps,92277,2026-09-30T22:33:10.214870,True
50,ML-KEM-768,KeyGen,86425,2026-09-30T22:33:10.215237,True
50,ML-KEM-768,Encaps,92833,2026-09-30T22:33:10.215237,True
50,ML-KEM-768,Decaps,92592,2026-09-30T22:33:10.215237,True
51,ML-KEM-768,KeyGen,86684,2026-09-30T22:33:10.215609,True
51,ML-KEM-768,Encaps,92907,2026-09-30T22:33:10.215609,True
51,ML-KEM-768,Decaps,92388,2026-09-30T22:33:10.215609,True
52,ML-KEM-768,KeyGen,86055,2026-09-30T22:33:10.215975,True
52,ML-KEM-768,Encaps,92962,2026-09-30T22:33:10.215975,True
52,ML-KEM-768,Decaps,92185,2026-09-30T22:33:10.215975,True
53,ML-KEM-768,KeyGen,112388,2026-09-30T22:33:10.216378,True
53,ML-KEM-768,Encaps,97758,2026-09-30T22:33:10.216378,True
53,ML-KEM-768,Decaps,96463,2026-09-30T22:33:10.216378,True
54,ML-KEM-768,KeyGen,86073,2026-09-30T22:33:10.216746,True
54,ML-KEM-768,Encaps,93333,2026-09-30T22:33:10.216746,True
54,ML-KEM-768,Decaps,92221,2026-09-30T22:33:10.216746,True
55,ML-KEM-768,KeyGen,86351,2026-09-30T22:33:10.217113,True
55,ML-KEM-768,Encaps,93092,2026-09-30T22:33:10.217113,True
55,ML-KEM-768,Decaps,92147,2026-09-30T22:33:10.217113,True
56,ML-KEM-768,KeyGen,86110,2026-09-30T22:33:10.217478,True
56,ML-KEM-768,Encaps,92851,2026-09-30T22:33:10.217478,True
56,ML-KEM-768,Decaps,91907,2026-09-30T22:33:10.217478,True
57,ML-KEM-768,KeyGen,90296,2026-09-30T22:33:10.217856,True
57,ML-KEM-768,Encaps,96980,2026-09-30T22:33:10.217856,True
57,ML-KEM-768,Decaps,96369,2026-09-30T22:33:10.217856,True
58,ML-KEM-768,KeyGen,86111,2026-09-30T22:33:10.218223,True
58,ML-KEM-768,Encaps,93203,2026-09-30T22:33:10.218223,True
58,ML-KEM-768,Decaps,92332,2026-09-30T22:33:10.218223,True
59,ML-KEM-768,KeyGen,86166,2026-09-30T22:33:10.218589,True
59,ML-KEM-768,Encaps,93277,2026-09-30T22:33:10.218589,True
59,ML-KEM-768,Decaps,92203,2026-09-30T22:33:10.218589,True
60,ML-KEM-768,KeyGen,85888,2026-09-30T22:33:10.218954,True
60,ML-KEM-768,Encaps,92740,2026-09-30T22:33:10.218954,True
60,ML-KEM-768,Decaps,91944,2026-09-30T22:33:10.218954,True
61,ML-KEM-768,KeyGen,86259,2026-09-30T22:33:10.219320,True
61,ML-KEM-768,Encaps,92832,2026-09-30T22:33:10.219320,True
61,ML-KEM-768,Decaps,92091,2026-09-30T22:33:10.219320,True
62,ML-KEM-768,KeyGen,89666,2026-09-30T22:33:10.219696,True
62,ML-KEM-768,Encaps,96481,2026-09-30T22:33:10.219696,True
62,ML-KEM-768,Decaps,96240,2026-09-30T22:33:10.219696,True
63,ML-KEM-768,KeyGen,85870,2026-09-30T22:33:10.220079,True
63,ML-KEM-768,Encaps,92666,2026-09-30T22:33:10.220079,True
63,ML-KEM-768,Decaps,107647,2026-09-30T22:33:10.220079,True
64,ML-KEM-768,KeyGen,90147,2026-09-30T22:33:10.220461,True
64,ML-KEM-768,Encaps,94647,2026-09-30T22:33:10.220461,True
64,ML-KEM-768,Decaps,92648,2026-09-30T22:33:10.220461,True
65,ML-KEM-768,KeyGen,86926,2026-09-30T22:33:10.220831,True
65,ML-KEM-768,Encaps,93703,2026-09-30T22:33:10.220831,True
65,ML-KEM-768,Decaps,92314,2026-09-30T22:33:10.220831,True
66,ML-KEM-768,KeyGen,86573,2026-09-30T22:33:10.221200,True
66,ML-KEM-768,Encaps,92981,2026-09-30T22:33:10.221200,True
66,ML-KEM-768,Decaps,92610,2026-09-30T22:33:10.221200,True
67,ML-KEM-768,KeyGen,85814,2026-09-30T22:33:10.221566,True
67,ML-KEM-768,Encaps,93148,2026-09-30T22:33:10.221566,True
67,ML-KEM-768,Decaps,92574,2026-09-30T22:33:10.221566,True
68,ML-KEM-768,KeyGen,86092,2026-09-30T22:33:10.221934,True
68,ML-KEM-768,Encaps,93092,2026-09-30T22:33:10.221934,True
68,ML-KEM-768,Decaps,92129,2026-09-30T22:33:10.221934,True
69,ML-KEM-768,KeyGen,86037,2026-09-30T22:33:10.222300,True
69,ML-KEM-768,Encaps,92981,2026-09-30T22:33:10.222300,True
69,ML-KEM-768,Decaps,92296,2026-09-30T22:33:10.222300,True
70,ML-KEM-768,KeyGen,86092,2026-09-30T22:33:10.222666,True
70,ML-KEM-768,Encaps,92592,2026-09-30T22:33:10.222666,True
70,ML-KEM-768,Decaps,92462,2026-09-30T22:33:10.222666,True
71,ML-KEM-768,KeyGen,86370,2026-09-30T22:33:10.223033,True
71,ML-KEM-768,Encaps,93222,2026-09-30T22:33:10.223033,True
71,ML-KEM-768,Decaps,92443,2026-09-30T22:33:10.223033,True
72,ML-KEM-768,KeyGen,86296,2026-09-30T22:33:10.223402,True
72,ML-KEM-768,Encaps,93277,2026-09-30T22:33:10.223402,True
72,ML-KEM-768,Decaps,92110,2026-09-30T22:33:10.223402,True
73,ML-KEM-768,KeyGen,86147,2026-09-30T22:33:10.223769,True
73,ML-KEM-768,Encaps,93629,2026-09-30T22:33:10.223769,True
73,ML-KEM-768,Decaps,92554,2026-09-30T22:33:10.223769,True
74,ML-KEM-768,KeyGen,90110,2026-09-30T22:33:10.224161,True
74,ML-KEM-768,Encaps,108573,2026-09-30T22:33:10.224161,True
74,ML-KEM-768,Decaps,98092,2026-09-30T22:33:10.224161,True
75,ML-KEM-768,KeyGen,87777,2026-09-30T22:33:10.224531,True
75,ML-KEM-768,Encaps,93537,2026-09-30T22:33:10.224531,True
75,ML-KEM-768,Decaps,92480,2026-09-30T22:33:10.224531,True
76,ML-KEM-768,KeyGen,86462,2026-09-30T22:33:10.224898,True
76,ML-KEM-768,Encaps,92925,2026-09-30T22:33:10.224898,True
76,ML-KEM-768,Decaps,92222,2026-09-30T22:33:10.224898,True
77,ML-KEM-768,KeyGen,86351,2026-09-30T22:33:10.225264,True
77,ML-KEM-768,Encaps,92999,2026-09-30T22:33:10.225264,True
77,ML-KEM-768,Decaps,92295,2026-09-30T22:33:10.225264,True
78,ML-KEM-768,KeyGen,86147,2026-09-30T22:33:10.225632,True
78,ML-KEM-768,Encaps,92980,2026-09-30T22:33:10.225632,True
78,ML-KEM-768,Decaps,92351,2026-09-30T22:33:10.225632,True
79,ML-KEM-768,KeyGen,86110,2026-09-30T22:33:10.225998,True
79,ML-KEM-768,Encaps,93611,2026-09-30T22:33:10.225998,True
79,ML-KEM-768,Decaps,92648,2026-09-30T22:33:10.225998,True
80,ML-KEM-768,KeyGen,86351,2026-09-30T22:33:10.226365,True
80,ML-KEM-768,Encaps,93018,2026-09-30T22:33:10.226365,True
80,ML-KEM-768,Decaps,92480,2026-09-30T22:33:10.226365,True
81,ML-KEM-768,KeyGen,85703,2026-09-30T22:33:10.226729,True
81,ML-KEM-768,Encaps,92888,2026-09-30T22:33:10.226729,True
81,ML-KEM-768,Decaps,92184,2026-09-30T22:33:10.226729,True
82,ML-KEM-768,KeyGen,86203,2026-09-30T22:33:10.227095,True
82,ML-KEM-768,Encaps,93369,2026-09-30T22:33:10.227095,True
82,ML-KEM-768,Decaps,92277,2026-09-30T22:33:10.227095,True
83,ML-KEM-768,KeyGen,85870,2026-09-30T22:33:10.227462,True
83,ML-KEM-768,Encaps,93277,2026-09-30T22:33:10.227462,True
83,ML-KEM-768,Decaps,92296,2026-09-30T22:33:10.227462,True
84,ML-KEM-768,KeyGen,85758,2026-09-30T22:33:10.227828,True
84,ML-KEM-768,Encaps,93221,2026-09-30T22:33:10.227828,True
84,ML-KEM-768,Decaps,92462,2026-09-30T22:33:10.227828,True
85,ML-KEM-768,KeyGen,85906,2026-09-30T22:33:10.228206,True
85,ML-KEM-768,Encaps,104000,2026-09-30T22:33:10.228206,True
85,ML-KEM-768,Decaps,92777,2026-09-30T22:33:10.228206,True
86,ML-KEM-768,KeyGen,87777,2026-09-30T22:33:10.228576,True
86,ML-KEM-768,Encaps,93574,2026-09-30T22:33:10.228576,True
86,ML-KEM-768,Decaps,92481,2026-09-30T22:33:10.228576,True
87,ML-KEM-768,KeyGen,86592,2026-09-30T22:33:10.228944,True
87,ML-KEM-768,Encaps,93388,2026-09-30T22:33:10.228944,True
87,ML-KEM-768,Decaps,92611,2026-09-30T22:33:10.228944,True
88,ML-KEM-768,KeyGen,85999,2026-09-30T22:33:10.229311,True
88,ML-KEM-768,Encaps,93017,2026-09-30T22:33:10.229311,True
88,ML-KEM-768,Decaps,92702,2026-09-30T22:33:10.229311,True
89,ML-KEM-768,KeyGen,85852,2026-09-30T22:33:10.229676,True
89,ML-KEM-768,Encaps,93406,2026-09-30T22:33:10.229676,True
89,ML-KEM-768,Decaps,92073,2026-09-30T22:33:10.229676,True
90,ML-KEM-768,KeyGen,86314,2026-09-30T22:33:10.230043,True
90,ML-KEM-768,Encaps,93370,2026-09-30T22:33:10.230043,True
90,ML-KEM-768,Decaps,92333,2026-09-30T22:33:10.230043,True
91,ML-KEM-768,KeyGen,85925,2026-09-30T22:33:10.230409,True
91,ML-KEM-768,Encaps,93277,2026-09-30T22:33:10.230409,True
91,ML-KEM-768,Decaps,92517,2026-09-30T22:33:10.230409,True
92,ML-KEM-768,KeyGen,91277,2026-09-30T22:33:10.230841,True
92,ML-KEM-768,Encaps,93055,2026-09-30T22:33:10.230841,True
92,ML-KEM-768,Decaps,92666,2026-09-30T22:33:10.230841,True
93,ML-KEM-768,KeyGen,86610,2026-09-30T22:33:10.231210,True
93,ML-KEM-768,Encaps,92999,2026-09-30T22:33:10.231210,True
93,ML-KEM-768,Decaps,92184,2026-09-30T22:33:10.231210,True
94,ML-KEM-768,KeyGen,86500,2026-09-30T22:33:10.231576,True
94,ML-KEM-768,Encaps,92907,2026-09-30T22:33:10.231576,True
94,ML-KEM-768,Decaps,92092,2026-09-30T22:33:10.231576,True
95,ML-KEM-768,KeyGen,85851,2026-09-30T22:33:10.231943,True
95,ML-KEM-768,Encaps,93110,2026-09-30T22:33:10.231943,True
95,ML-KEM-768,Decaps,92407,2026-09-30T22:33:10.231943,True
96,ML-KEM-768,KeyGen,107981,2026-09-30T22:33:10.232343,True
96,ML-KEM-768,Encaps,99073,2026-09-30T22:33:10.232343,True
96,ML-KEM-768,Decaps,96443,2026-09-30T22:33:10.232343,True
97,ML-KEM-768,KeyGen,86852,2026-09-30T22:33:10.232711,True
97,ML-KEM-768,Encaps,93054,2026-09-30T22:33:10.232711,True
97,ML-KEM-768,Decaps,92388,2026-09-30T22:33:10.232711,True
98,ML-KEM-768,KeyGen,86092,2026-09-30T22:33:10.233078,True
98,ML-KEM-768,Encaps,93203,2026-09-30T22:33:10.233078,True
98,ML-KEM-768,Decaps,92240,2026-09-30T22:33:10.233078,True
99,ML-KEM-768,KeyGen,85759,2026-09-30T22:33:10.233443,True
99,ML-KEM-768,Encaps,92666,2026-09-30T22:33:10.233443,True
99,ML-KEM-768,Decaps,91925,2026-09-30T22:33:10.233443,True
100,ML-KEM-768,KeyGen,86129,2026-09-30T22:33:10.233809,True
100,ML-KEM-768,Encaps,92999,2026-09-30T22:33:10.233809,True
100,ML-KEM-768,Decaps,92499,2026-09-30T22:33:10.233809,True
